{
    "accuracy": 0.9424242424242424,
    "f1_score": 0.942268908494007,
    "report": {
        "0": {
            "precision": 1.0,
            "recall": 1.0,
            "f1-score": 1.0,
            "support": 15.0
        },
        "1": {
            "precision": 1.0,
            "recall": 1.0,
            "f1-score": 1.0,
            "support": 15.0
        },
        "2": {
            "precision": 0.9285714285714286,
            "recall": 0.8666666666666667,
            "f1-score": 0.896551724137931,
            "support": 15.0
        },
        "3": {
            "precision": 1.0,
            "recall": 1.0,
            "f1-score": 1.0,
            "support": 15.0
        },
        "4": {
            "precision": 1.0,
            "recall": 1.0,
            "f1-score": 1.0,
            "support": 15.0
        },
        "5": {
            "precision": 0.8461538461538461,
            "recall": 0.7333333333333333,
            "f1-score": 0.7857142857142857,
            "support": 15.0
        },
        "6": {
            "precision": 1.0,
            "recall": 1.0,
            "f1-score": 1.0,
            "support": 15.0
        },
        "7": {
            "precision": 1.0,
            "recall": 1.0,
            "f1-score": 1.0,
            "support": 15.0
        },
        "8": {
            "precision": 0.8571428571428571,
            "recall": 0.8,
            "f1-score": 0.8275862068965517,
            "support": 15.0
        },
        "9": {
            "precision": 1.0,
            "recall": 1.0,
            "f1-score": 1.0,
            "support": 15.0
        },
        "10": {
            "precision": 0.7777777777777778,
            "recall": 0.9333333333333333,
            "f1-score": 0.8484848484848485,
            "support": 15.0
        },
        "11": {
            "precision": 0.875,
            "recall": 0.9333333333333333,
            "f1-score": 0.9032258064516129,
            "support": 15.0
        },
        "12": {
            "precision": 0.75,
            "recall": 1.0,
            "f1-score": 0.8571428571428571,
            "support": 15.0
        },
        "13": {
            "precision": 1.0,
            "recall": 0.7333333333333333,
            "f1-score": 0.8461538461538461,
            "support": 15.0
        },
        "14": {
            "precision": 0.875,
            "recall": 0.9333333333333333,
            "f1-score": 0.9032258064516129,
            "support": 15.0
        },
        "15": {
            "precision": 1.0,
            "recall": 1.0,
            "f1-score": 1.0,
            "support": 15.0
        },
        "16": {
            "precision": 1.0,
            "recall": 1.0,
            "f1-score": 1.0,
            "support": 15.0
        },
        "17": {
            "precision": 1.0,
            "recall": 0.9333333333333333,
            "f1-score": 0.9655172413793104,
            "support": 15.0
        },
        "18": {
            "precision": 1.0,
            "recall": 0.8666666666666667,
            "f1-score": 0.9285714285714286,
            "support": 15.0
        },
        "19": {
            "precision": 1.0,
            "recall": 1.0,
            "f1-score": 1.0,
            "support": 15.0
        },
        "20": {
            "precision": 0.9375,
            "recall": 1.0,
            "f1-score": 0.967741935483871,
            "support": 15.0
        },
        "21": {
            "precision": 1.0,
            "recall": 1.0,
            "f1-score": 1.0,
            "support": 15.0
        },
        "accuracy": 0.9424242424242424,
        "macro avg": {
            "precision": 0.9475975413475414,
            "recall": 0.9424242424242425,
            "f1-score": 0.942268908494007,
            "support": 330.0
        },
        "weighted avg": {
            "precision": 0.9475975413475414,
            "recall": 0.9424242424242424,
            "f1-score": 0.942268908494007,
            "support": 330.0
        }
    }
}