{
    "accuracy": 1.0,
    "f1_score": 1.0,
    "cv_mean": 0.9974999999999999,
    "cv_std": 0.0033333333333333214
}