{
    "accuracy": 0.9891696750902527,
    "f1_score": 0.9891944033070715,
    "classification_report": {
        "0": {
            "precision": 1.0,
            "recall": 1.0,
            "f1-score": 1.0,
            "support": 15.0
        },
        "1": {
            "precision": 0.9375,
            "recall": 1.0,
            "f1-score": 0.967741935483871,
            "support": 15.0
        },
        "2": {
            "precision": 1.0,
            "recall": 1.0,
            "f1-score": 1.0,
            "support": 13.0
        },
        "3": {
            "precision": 1.0,
            "recall": 1.0,
            "f1-score": 1.0,
            "support": 15.0
        },
        "4": {
            "precision": 1.0,
            "recall": 1.0,
            "f1-score": 1.0,
            "support": 15.0
        },
        "5": {
            "precision": 1.0,
            "recall": 1.0,
            "f1-score": 1.0,
            "support": 15.0
        },
        "6": {
            "precision": 1.0,
            "recall": 0.9333333333333333,
            "f1-score": 0.9655172413793104,
            "support": 15.0
        },
        "7": {
            "precision": 1.0,
            "recall": 0.9333333333333333,
            "f1-score": 0.9655172413793104,
            "support": 15.0
        },
        "8": {
            "precision": 1.0,
            "recall": 0.9333333333333333,
            "f1-score": 0.9655172413793104,
            "support": 15.0
        },
        "9": {
            "precision": 1.0,
            "recall": 1.0,
            "f1-score": 1.0,
            "support": 15.0
        },
        "10": {
            "precision": 1.0,
            "recall": 1.0,
            "f1-score": 1.0,
            "support": 15.0
        },
        "11": {
            "precision": 1.0,
            "recall": 1.0,
            "f1-score": 1.0,
            "support": 9.0
        },
        "12": {
            "precision": 1.0,
            "recall": 1.0,
            "f1-score": 1.0,
            "support": 15.0
        },
        "13": {
            "precision": 1.0,
            "recall": 1.0,
            "f1-score": 1.0,
            "support": 15.0
        },
        "14": {
            "precision": 1.0,
            "recall": 1.0,
            "f1-score": 1.0,
            "support": 12.0
        },
        "15": {
            "precision": 1.0,
            "recall": 1.0,
            "f1-score": 1.0,
            "support": 9.0
        },
        "16": {
            "precision": 0.9375,
            "recall": 1.0,
            "f1-score": 0.967741935483871,
            "support": 15.0
        },
        "17": {
            "precision": 1.0,
            "recall": 1.0,
            "f1-score": 1.0,
            "support": 15.0
        },
        "18": {
            "precision": 0.9,
            "recall": 1.0,
            "f1-score": 0.9473684210526315,
            "support": 9.0
        },
        "19": {
            "precision": 1.0,
            "recall": 1.0,
            "f1-score": 1.0,
            "support": 15.0
        },
        "accuracy": 0.9891696750902527,
        "macro avg": {
            "precision": 0.9887499999999999,
            "recall": 0.99,
            "f1-score": 0.9889702008079151,
            "support": 277.0
        },
        "weighted avg": {
            "precision": 0.9899819494584838,
            "recall": 0.9891696750902527,
            "f1-score": 0.9891944033070715,
            "support": 277.0
        }
    }
}