{
    "accuracy": 0.9891891891891892,
    "f1_score": 0.9892211043854735,
    "cv_mean": 0.99,
    "cv_std": 0.008579691784155843
}