{
    "accuracy": 0.9602888086642599,
    "f1_score": 0.9602464397617808,
    "classification_report": {
        "0": {
            "precision": 1.0,
            "recall": 1.0,
            "f1-score": 1.0,
            "support": 15.0
        },
        "1": {
            "precision": 0.9375,
            "recall": 1.0,
            "f1-score": 0.967741935483871,
            "support": 15.0
        },
        "2": {
            "precision": 1.0,
            "recall": 1.0,
            "f1-score": 1.0,
            "support": 13.0
        },
        "3": {
            "precision": 1.0,
            "recall": 0.9333333333333333,
            "f1-score": 0.9655172413793104,
            "support": 15.0
        },
        "4": {
            "precision": 1.0,
            "recall": 1.0,
            "f1-score": 1.0,
            "support": 15.0
        },
        "5": {
            "precision": 1.0,
            "recall": 0.9333333333333333,
            "f1-score": 0.9655172413793104,
            "support": 15.0
        },
        "6": {
            "precision": 0.8823529411764706,
            "recall": 1.0,
            "f1-score": 0.9375,
            "support": 15.0
        },
        "7": {
            "precision": 1.0,
            "recall": 1.0,
            "f1-score": 1.0,
            "support": 15.0
        },
        "8": {
            "precision": 0.8571428571428571,
            "recall": 0.8,
            "f1-score": 0.8275862068965517,
            "support": 15.0
        },
        "9": {
            "precision": 1.0,
            "recall": 1.0,
            "f1-score": 1.0,
            "support": 15.0
        },
        "10": {
            "precision": 1.0,
            "recall": 1.0,
            "f1-score": 1.0,
            "support": 15.0
        },
        "11": {
            "precision": 1.0,
            "recall": 0.8888888888888888,
            "f1-score": 0.9411764705882353,
            "support": 9.0
        },
        "12": {
            "precision": 0.8666666666666667,
            "recall": 0.8666666666666667,
            "f1-score": 0.8666666666666667,
            "support": 15.0
        },
        "13": {
            "precision": 1.0,
            "recall": 1.0,
            "f1-score": 1.0,
            "support": 15.0
        },
        "14": {
            "precision": 1.0,
            "recall": 0.9166666666666666,
            "f1-score": 0.9565217391304348,
            "support": 12.0
        },
        "15": {
            "precision": 1.0,
            "recall": 1.0,
            "f1-score": 1.0,
            "support": 9.0
        },
        "16": {
            "precision": 1.0,
            "recall": 1.0,
            "f1-score": 1.0,
            "support": 15.0
        },
        "17": {
            "precision": 0.8823529411764706,
            "recall": 1.0,
            "f1-score": 0.9375,
            "support": 15.0
        },
        "18": {
            "precision": 1.0,
            "recall": 0.8888888888888888,
            "f1-score": 0.9411764705882353,
            "support": 9.0
        },
        "19": {
            "precision": 0.875,
            "recall": 0.9333333333333333,
            "f1-score": 0.9032258064516129,
            "support": 15.0
        },
        "accuracy": 0.9602888086642599,
        "macro avg": {
            "precision": 0.9650507703081234,
            "recall": 0.9580555555555555,
            "f1-score": 0.9605064889282116,
            "support": 277.0
        },
        "weighted avg": {
            "precision": 0.9621488487091587,
            "recall": 0.9602888086642599,
            "f1-score": 0.9602464397617808,
            "support": 277.0
        }
    }
}