{
    "accuracy": 0.9540540540540541,
    "f1_score": 0.954074819932771,
    "cv_mean": null,
    "cv_std": null
}