{
    "accuracy": 0.9972972972972973,
    "f1_score": 0.9972715026797742,
    "cv_mean": 0.9974999999999999,
    "cv_std": 0.0033333333333333214
}