{
    "accuracy": 0.9458483754512635,
    "f1_score": 0.9431925100377411,
    "classification_report": {
        "0": {
            "precision": 1.0,
            "recall": 1.0,
            "f1-score": 1.0,
            "support": 15.0
        },
        "1": {
            "precision": 0.9166666666666666,
            "recall": 0.7333333333333333,
            "f1-score": 0.8148148148148148,
            "support": 15.0
        },
        "2": {
            "precision": 1.0,
            "recall": 1.0,
            "f1-score": 1.0,
            "support": 13.0
        },
        "3": {
            "precision": 1.0,
            "recall": 1.0,
            "f1-score": 1.0,
            "support": 15.0
        },
        "4": {
            "precision": 0.8823529411764706,
            "recall": 1.0,
            "f1-score": 0.9375,
            "support": 15.0
        },
        "5": {
            "precision": 1.0,
            "recall": 1.0,
            "f1-score": 1.0,
            "support": 15.0
        },
        "6": {
            "precision": 0.7222222222222222,
            "recall": 0.8666666666666667,
            "f1-score": 0.7878787878787878,
            "support": 15.0
        },
        "7": {
            "precision": 0.9375,
            "recall": 1.0,
            "f1-score": 0.967741935483871,
            "support": 15.0
        },
        "8": {
            "precision": 0.8333333333333334,
            "recall": 1.0,
            "f1-score": 0.9090909090909091,
            "support": 15.0
        },
        "9": {
            "precision": 1.0,
            "recall": 1.0,
            "f1-score": 1.0,
            "support": 15.0
        },
        "10": {
            "precision": 1.0,
            "recall": 1.0,
            "f1-score": 1.0,
            "support": 15.0
        },
        "11": {
            "precision": 1.0,
            "recall": 0.7777777777777778,
            "f1-score": 0.875,
            "support": 9.0
        },
        "12": {
            "precision": 0.8823529411764706,
            "recall": 1.0,
            "f1-score": 0.9375,
            "support": 15.0
        },
        "13": {
            "precision": 1.0,
            "recall": 1.0,
            "f1-score": 1.0,
            "support": 15.0
        },
        "14": {
            "precision": 1.0,
            "recall": 1.0,
            "f1-score": 1.0,
            "support": 12.0
        },
        "15": {
            "precision": 1.0,
            "recall": 1.0,
            "f1-score": 1.0,
            "support": 9.0
        },
        "16": {
            "precision": 1.0,
            "recall": 0.8666666666666667,
            "f1-score": 0.9285714285714286,
            "support": 15.0
        },
        "17": {
            "precision": 1.0,
            "recall": 1.0,
            "f1-score": 1.0,
            "support": 15.0
        },
        "18": {
            "precision": 0.8,
            "recall": 0.4444444444444444,
            "f1-score": 0.5714285714285714,
            "support": 9.0
        },
        "19": {
            "precision": 1.0,
            "recall": 1.0,
            "f1-score": 1.0,
            "support": 15.0
        },
        "accuracy": 0.9458483754512635,
        "macro avg": {
            "precision": 0.9487214052287583,
            "recall": 0.9344444444444443,
            "f1-score": 0.9364763223634192,
            "support": 277.0
        },
        "weighted avg": {
            "precision": 0.9487957457351172,
            "recall": 0.9458483754512635,
            "f1-score": 0.9431925100377411,
            "support": 277.0
        }
    }
}