{
    "accuracy": 0.9675675675675676,
    "f1_score": 0.9675685030152852,
    "cv_mean": null,
    "cv_std": null
}