{
    "accuracy": 0.9891891891891892,
    "f1_score": 0.9891970000135429,
    "cv_mean": 0.9875,
    "cv_std": 0.009128709291752787
}